,Precision,Recall,F1,AUC-ROC
Logistic Regression,0.5145797598627787,0.8021390374331551,0.6269592476489029,0.8432560903149138
Random Forest,0.5511022044088176,0.7352941176470589,0.6300114547537228,0.8399519491591103
XGBoost,0.5306513409961686,0.7406417112299465,0.6183035714285714,0.8316295951845825
