,Precision,Recall,F1,AUC-ROC
logistic,0.64375,0.5508021390374331,0.5936599423631124,0.8434420935699709
rf,0.6617100371747212,0.47593582887700536,0.5536547433903577,0.8373052778423623
